region	signal	variant	gene	biotype	N_SNPs_signal	gene_expression	score_eQTL	enriched_feature	proximal	score_compiled	driver_status	gene_score	gene_inquisit_level
BCAC_FM_1	signal1	rs2506889	PEX14	protein_coding	19	1	0	1	1	2	0	2	2
BCAC_FM_10	signal1	rs6746013:25143649:C:G	ADCY3	protein_coding	92	1	0	1	1	2	0	2	2
BCAC_FM_101	signal1	rs114312440:155184057:G:A	RP11-263K19.6	antisense	16	1	0	1	1	2	0	2	2
BCAC_FM_101	signal1	rs423144:155169355:G:T	RP11-263K19.4	antisense	16	1	0	0	1	1	0	1	2
BCAC_FM_102	signal1	chr1_201437832_C_T	PHLDA3	protein_coding	2	1	0	1	1	2	0	2	2
BCAC_FM_110	signal1	chr3_141106063_C_T	ZBTB38	protein_coding	24	1	0	1	1	2	0	2	2
BCAC_FM_111	CIMBA	rs3136586:172241759:T:C	TNFSF10	protein_coding	36	1	0	1	1	2	0	2	2
BCAC_FM_111	CIMBA	rs12488654:172241890:G:A	TNFSF10	protein_coding	36	1	0	1	1	2	0	2	2
BCAC_FM_112	signal1	rs10012017:38784633:G:T	TLR10	protein_coding	24	1	0	1	1	2	0	2	2
BCAC_FM_112	signal1	rs10034903:38784678:C:G	TLR10	protein_coding	24	1	0	1	1	2	0	2	2
BCAC_FM_112	signal1	rs10004195:38784724:T:A	TLR10	protein_coding	24	1	0	1	1	2	0	2	2
BCAC_FM_116	signal1	rs7715402:90679504:T:A	ARRDC3	protein_coding	88	1	1	1	1	3	0	3	1
BCAC_FM_116	signal1	rs35712350:90679519:C:T	ARRDC3	protein_coding	88	1	1	1	1	3	0	3	1
BCAC_FM_118	signal1	rs7730930:132386684:G:T	HSPA4	protein_coding	117	1	1	1	1	3	0	3	1
BCAC_FM_118	signal1	rs3088225:132387260:A:G	HSPA4	protein_coding	117	1	0	1	1	2	0	3	1
BCAC_FM_118	signal1	rs6892902:132411431:G:A	HSPA4	protein_coding	117	1	0	1	1	2	0	3	1
BCAC_FM_119	signal1	rs56225360:169532651:G:A	FOXI1	protein_coding	19	1	0	1	1	2	0	2	2
BCAC_FM_12	signal2	rs1558938:172378207:C:G	CYBRD1	protein_coding	35	1	0	1	1	2	0	2	2
BCAC_FM_12	signal2	rs3731976:172378893:G:A	CYBRD1	protein_coding	35	1	0	1	1	2	0	2	2
BCAC_FM_121	signal1	rs11370426:20534461:G:GA	CDKAL1	protein_coding	52	1	0	1	1	2	0	2	2
BCAC_FM_124	signal1	rs55941023:130341728:C:CT	L3MBTL3	protein_coding	43	1	0	1	1	2	0	2	2
BCAC_FM_128	signal1	rs111307654:94285089:G:GAAA	PEG10	protein_coding	47	1	0	1	1	2	0	2	2
BCAC_FM_13	signal1	rs930313	CDCA7	protein_coding	13	1	0	1	1	2	0	2	2
BCAC_FM_131	signal1	rs13281094:124741789:T:C	ANXA13	protein_coding	23	1	0	1	1	2	0	2	2
BCAC_FM_131	signal1	rs7014939:124742320:G:A	ANXA13	protein_coding	23	1	0	1	1	2	0	2	2
BCAC_FM_131	signal1	rs13279803:124750521:C:T	ANXA13	protein_coding	23	1	0	1	1	2	0	2	2
BCAC_FM_131	signal1	rs1946584:124750585:G:A	ANXA13	protein_coding	23	1	0	1	1	2	0	2	2
BCAC_FM_14	CIMBA	rs17860417:202122200:G:C	CASP8	protein_coding	154	1	0	1	1	2	1	3	1
BCAC_FM_14	CIMBA	rs79751905:201723140:G:A	CLK1	protein_coding	154	1	0	1	1	2	0	2	2
BCAC_FM_14	CIMBA	rs150365829:201723695:C:T	CLK1	protein_coding	154	1	0	1	1	2	0	2	2
BCAC_FM_14	CIMBA	chr2_201729335_A_G	CLK1	protein_coding	154	1	0	1	1	2	0	2	2
BCAC_FM_14	CIMBA	chr2_201935861_A_G	NDUFB3	protein_coding	154	1	0	1	1	2	0	2	2
BCAC_FM_14	CIMBA	rs114962751:201935871:T:A	NDUFB3	protein_coding	154	1	0	1	1	2	0	2	2
BCAC_FM_14	CIMBA	chr2_201980843_A_G	CFLAR	protein_coding	154	1	0	1	1	2	0	2	2
BCAC_FM_14	CIMBA	rs5837757:201714319:CA:C	RNA5SP115	rRNA	154	0.1	0	1	1	0.2	0	0.2	3
BCAC_FM_14	CIMBA	rs6757272:201728141:A:G	Y_RNA	misc_RNA	154	0.1	0	1	1	0.2	0	0.2	3
BCAC_FM_14	CIMBA	rs144629284:201943996:C:T	RNU6-1206P	snRNA	154	0.1	0	1	1	0.2	0	0.2	3
BCAC_FM_14	signal2	rs7592225:202030993:G:A	AC007283.5	lincRNA	8	1	0	1	1	2	0	2	2
BCAC_FM_14	signal2	rs7592228:202031004:G:C	AC007283.5	lincRNA	8	1	0	1	1	2	0	2	2
BCAC_FM_140	signal1	chr15_91538920_C_T	PRC1	protein_coding	22	1	0	1	1	2	0	2	2
BCAC_FM_140	signal1	chr15_91509215_A_C	PRC1-AS1	antisense	22	1	0	0	1	1	0	1	2
BCAC_FM_141	signal1	rs72813954:87091139:G:A	RP11-134D3.1	processed_transcript	85	1	0	1	1	2	0	2	2
BCAC_FM_142	signal1	chr17_40671818_A_G	ATP6V0A1	protein_coding	8	1	0	1	1	2	0	2	2
BCAC_FM_142	signal1	rs72826975:40951030:G:A	COA3	protein_coding	8	1	0	1	1	2	0	2	2
BCAC_FM_146	signal1	rs8113575:13030280:G:A	SYCE2	protein_coding	21	1	0	1	1	2	0	2	2
BCAC_FM_146	signal1	rs80326668:13030939:AT:A	SYCE2	protein_coding	21	1	0	1	1	2	0	2	2
BCAC_FM_146	signal1	rs2974750:13044544:C:A	FARSA	protein_coding	21	1	0	1	1	2	0	2	2
BCAC_FM_146	signal1	rs1010222:13048608:A:G	CALR	protein_coding	21	1	0	1	1	2	0	2	2
BCAC_FM_146	signal1	rs117861106:13213801:C:T	LYL1	protein_coding	21	1	0	1	1	2	0	2	2
BCAC_FM_146	signal1	rs8113575:13030280:G:A	MIR5695	miRNA	21	0.1	0	1	1	0.2	0	0.2	3
BCAC_FM_146	signal1	rs80326668:13030939:AT:A	MIR5695	miRNA	21	0.1	0	1	1	0.2	0	0.2	3
BCAC_FM_148	signal1	rs11703601:38598041:C:T	MAFF	protein_coding	27	1	0	1	1	2	0	2	2
BCAC_FM_164	signal1	rs2286140:184919:G:C	RP5-855D21.1	antisense	25	0.1	0	0	1	0.1	0	0.1	3
BCAC_FM_164	signal1	rs10093989:185668:C:T	RP5-855D21.1	antisense	25	0.1	0	0	1	0.1	0	0.1	3
BCAC_FM_165	CIMBA	chr11_108357137_A_G	KDELC2	protein_coding	8	1	0	1	1	2	0	2	2
BCAC_FM_165	signal1	rs34082898:108362805:T:TCA	KDELC2	protein_coding	59	1	0	1	1	2	0	2	2
BCAC_FM_17	signal1	rs1899998:27307155:C:T	RNU6-342P	snRNA	44	0.1	0	0	1	0.1	0	0.1	3
BCAC_FM_17	signal1	rs1899997	RNU6-342P	snRNA	44	0.1	0	0	1	0.1	0	0.1	3
BCAC_FM_2	signal1	exm85648	AP4B1	protein_coding	12	1	0	1	1	2	0	2	2
BCAC_FM_20	signal1	rs2280162	RP11-245J9.4	antisense	94	1	0	1	1	2	0	2	2
BCAC_FM_20	signal1	rs147922846:63997716:TTGGTAGGGATCATTTAAAAAA:T	RP11-245J9.4	antisense	94	1	0	1	1	2	0	2	2
BCAC_FM_20	signal1	chr3_64005226_A_G	RP11-245J9.6	antisense	94	1	0	1	1	2	0	2	2
BCAC_FM_22	signal1	chr4_175838941_A_G	ADAM29	protein_coding	11	1	0	0	1	1	0	1	2
BCAC_FM_22	signal1	chr4_175839432_A_C	ADAM29	protein_coding	11	1	0	0	1	1	0	1	2
BCAC_FM_22	signal2	rs62334416:175848542:A:G	AC105914.1	miRNA	11	0.1	0	1	1	0.2	0	0.2	3
BCAC_FM_22	signal2	chr4_175849443_G_T	AC105914.1	miRNA	11	0.1	0	1	1	0.2	0	0.2	3
BCAC_FM_23	signal2	rs2853669:1295349:A:G	TERT	protein_coding	5	1	0	1	1	2	0	2	2
BCAC_FM_23	signal3	rs34768248:1295716:G:A	TERT	protein_coding	23	1	0	1	1	2	0	2	2
BCAC_FM_23	signal3	5:1327159:T:G	CLPTM1L	protein_coding	23	1	0	1	1	2	0	2	2
BCAC_FM_26	signal3	rs36163058:44825417:G:A	RP11-53O19.3	lincRNA	72	1	0	0	1	1	0	1	2
BCAC_FM_26	signal3	rs376546866:44826092:G:A	RP11-53O19.3	lincRNA	72	1	0	0	1	1	0	1	2
BCAC_FM_26	signal3	5:44826095:C:T	RP11-53O19.3	lincRNA	72	1	0	0	1	1	0	1	2
BCAC_FM_26	signal3	rs372629973:44826124:G:A	RP11-53O19.3	lincRNA	72	1	0	0	1	1	0	1	2
BCAC_FM_26	signal3	rs35868527:44715555:A:T	RN7SL383P	misc_RNA	72	0.1	0	0	1	0.1	0	0.1	3
BCAC_FM_32	signal1	chr6_13680064_C_T	RNU7-91P	snRNA	51	0.1	0	1	1	0.2	0	0.2	3
BCAC_FM_33	signal1	rs78545130:28864165:T:C	HCG14	processed_transcript	36	1	0	1	1	2	0	2	2
BCAC_FM_33	signal1	rs41270640	OR14J1	protein_coding	36	0.1	0	0	1	0.1	0	0.1	3
BCAC_FM_35	signal6	rs488133	ESR1	protein_coding	22	1	0	1	1	2	1	3	1
BCAC_FM_36	signal1	rs5885795:91569885:G:GA	AKAP9	protein_coding	318	1	0	1	1	2	0	2	2
BCAC_FM_36	signal1	rs4727266:91570129:C:T	AKAP9	protein_coding	318	1	0	1	1	2	0	2	2
BCAC_FM_36	signal1	rs4727267:91570290:G:C	AKAP9	protein_coding	318	1	0	1	1	2	0	2	2
BCAC_FM_36	signal1	chr7_91686789_A_G	AKAP9	protein_coding	318	1	0	1	1	2	0	2	2
BCAC_FM_36	signal1	chr7_91764128_A_C	CYP51A1	protein_coding	318	1	0	1	1	2	0	2	2
BCAC_FM_36	signal1	rs10231350:91808499:G:T	LRRD1	protein_coding	318	1	0	1	1	2	0	2	2
BCAC_FM_36	signal1	chr7_91808915_A_G	LRRD1	protein_coding	318	1	0	1	1	2	0	2	2
BCAC_FM_36	signal1	chr7_91809657_C_G	LRRD1	protein_coding	318	1	0	1	1	2	0	2	2
BCAC_FM_42	signal1	rs2223060:117035009:C:T	RNA5SP276	rRNA	164	0.1	0	1	1	0.2	0	0.2	3
BCAC_FM_42	signal1	rs11334470:117035186:TC:T	RNA5SP276	rRNA	164	0.1	0	1	1	0.2	0	0.2	3
BCAC_FM_42	signal1	rs9297550:117035784:G:T	RNA5SP276	rRNA	164	0.1	0	1	1	0.2	0	0.2	3
BCAC_FM_42	signal1	rs9643106:117035805:G:A	RNA5SP276	rRNA	164	0.1	0	1	1	0.2	0	0.2	3
BCAC_FM_43	signal4	rs35131928	RP11-382A18.2	lincRNA	43	0	0	1	1	0	0	0	0
BCAC_FM_43	signal4	rs59351655	RP11-382A18.2	lincRNA	43	0	0	1	1	0	0	0	0
BCAC_FM_43	signal4	rs56898669	RP11-382A18.2	lincRNA	43	0	0	1	1	0	0	0	0
BCAC_FM_43	signal4	rs61599109	RP11-382A18.2	lincRNA	43	0	0	1	1	0	0	0	0
BCAC_FM_47	signal1	rs10828247:21822856:A:G	MLLT10	protein_coding	7	1	0	1	1	2	0	2	2
BCAC_FM_47	signal2	chr10_22506443_C_T	RP11-108B14.5	lincRNA	58	0.1	0	0	1	0.1	0	0.1	3
BCAC_FM_57	signal2	chr12_28343121_C_T	CCDC91	protein_coding	375	1	0	1	1	2	0	2	2
BCAC_FM_57	signal2	12:28343675:GC:G	RP11-967K21.1	antisense	375	1	0	1	1	2	0	2	2
BCAC_FM_57	signal2	chr12_28421285_C_T	CCDC91	protein_coding	375	1	0	0	1	1	0	2	2
BCAC_FM_57	signal2	12:28456661:A:C	CCDC91	protein_coding	375	1	0	1	1	2	0	2	2
BCAC_FM_57	signal2	12:28457178:C:T	CCDC91	protein_coding	375	1	0	0	1	1	0	2	2
BCAC_FM_57	signal2	chr12_28473235_C_T	RNU4-54P	snRNA	375	0.1	0	0	1	0.1	0	0.1	3
BCAC_FM_59	signal3	12:115799850:GGAGAT:G	RP11-116D17.1	protein_coding	8	0.1	0	0	1	0.1	0	0.1	3
BCAC_FM_6	signal1	chr1_202200284_C_T	snoU13	snoRNA	27	0.1	0	1	1	0.2	0	0.2	3
BCAC_FM_6	signal1	chr1_202200628_C_T	snoU13	snoRNA	27	0.1	0	1	1	0.2	0	0.2	3
BCAC_FM_6	signal1	rs60573451:202200729:CT:C	snoU13	snoRNA	27	0.1	0	1	1	0.2	0	0.2	3
BCAC_FM_61	signal1	chr14_37128564_A_C	RP11-964E11.2	antisense	19	1	0	1	1	2	0	2	2
BCAC_FM_61	signal2	rs712330:37256922:G:A	RP11-81F13.1	antisense	20	0.1	0	1	1	0.2	0	0.2	3
BCAC_FM_61	signal2	rs848087:37277643:A:G	RP11-81F13.2	antisense	20	0.1	0	1	1	0.2	0	0.2	3
BCAC_FM_62	signal2	rs35342952:68617194:CTTT:C	RN7SL706P	misc_RNA	4	0.1	0	1	1	0.2	0	0.2	3
BCAC_FM_7	signal1	rs4951392:204484617:C:G	MDM4	protein_coding	6	1	1	1	1	3	0	3	1
BCAC_FM_70	signal1	rs8082452:77771548:T:G	CBX8	protein_coding	10	1	0	1	1	2	0	2	2
BCAC_FM_70	signal1	rs2587505:77784268:T:C	AC100791.2	miRNA	10	0.1	0	1	1	0.2	0	0.2	3
BCAC_FM_70	signal1	rs139427260:77784494:CGT:C	AC100791.2	miRNA	10	0.1	0	1	1	0.2	0	0.2	3
BCAC_FM_73	CIMBA	rs71334702:17408553:CT:C	MRPL34	protein_coding	10	1	0	0	1	1	0	1	2
BCAC_FM_73	signal1	rs4808616	MRPL34	protein_coding	16	1	0	1	1	2	0	2	2
BCAC_FM_73	signal1	rs13343778:17407695:G:T	CTD-2278I10.4	sense_intronic	16	1	0	1	1	2	0	2	2
BCAC_FM_73	signal1	rs13343778:17407695:G:T	MRPL34	protein_coding	16	1	0	1	1	2	0	2	2
BCAC_FM_74	signal1	rs28375303:18530161:T:G	SSBP4	protein_coding	56	1	0	1	1	2	0	2	2
BCAC_FM_74	signal1	rs3810429	SSBP4	protein_coding	56	1	0	1	1	2	0	2	2
BCAC_FM_74	signal1	rs28572537	CTD-3137H5.1	antisense	56	1	0	1	1	2	0	2	2
BCAC_FM_77	signal3	chr22_29108556_A_T	CHEK2	protein_coding	59	1	0	1	1	2	1	3	1
BCAC_FM_77	signal3	rs7288040:29075977:G:A	TTC28	protein_coding	59	1	0	1	1	2	0	2	2
BCAC_FM_77	signal3	rs12170161:28317401:C:A	MIR3199-2	miRNA	59	0.1	0	1	1	0.2	0	0.2	3
BCAC_FM_78	signal1	rs141580207:40917540:T:TCA	RP4-591N18.2	antisense	196	0.1	0	1	1	0.2	0	0.2	3
BCAC_FM_78	signal1	rs139903991:40924662:A:T	AL031594.1	miRNA	196	0.1	0	1	1	0.2	0	0.2	3
BCAC_FM_79	signal1	chr2_29151035_C_T	Y_RNA	misc_RNA	81	0.1	0	1	1	0.2	0	0.2	3
BCAC_FM_79	signal1	rs6743535:29135979:G:C	SNORD92	snoRNA	81	0.1	0	0	1	0.1	0	0.1	3
BCAC_FM_79	signal1	rs4666129:29136136:A:T	SNORD92	snoRNA	81	0.1	0	0	1	0.1	0	0.1	3
BCAC_FM_79	signal1	rs4666131:29136272:T:C	SNORD92	snoRNA	81	0.1	0	0	1	0.1	0	0.1	3
BCAC_FM_79	signal1	chr2_29136489_G_T	SNORD92	snoRNA	81	0.1	0	0	1	0.1	0	0.1	3
BCAC_FM_79	signal1	chr2_29136623_C_T	SNORD92	snoRNA	81	0.1	0	0	1	0.1	0	0.1	3
BCAC_FM_79	signal1	chr2_29149051_C_T	SNORD53	snoRNA	81	0.1	0	0	1	0.1	0	0.1	3
BCAC_FM_82	signal1	rs2905435:19495954:G:A	GATAD2A	protein_coding	162	1	1	1	1	3	0	3	1
BCAC_FM_82	signal1	rs4808202:19568439:G:A	GATAD2A	protein_coding	162	1	1	1	1	3	0	3	1
BCAC_FM_82	signal1	chr19_19568659_C_T	GATAD2A	protein_coding	162	1	0	1	1	2	0	3	1
BCAC_FM_82	signal1	rs2074296:19373689:A:G	HAPLN4	protein_coding	162	1	0	1	1	2	0	2	2
BCAC_FM_82	signal1	chr19_19431423_G_T	MAU2	protein_coding	162	1	0	1	1	2	0	2	2
BCAC_FM_82	signal1	chr19_19431423_G_T	SUGP1	protein_coding	162	1	0	1	1	2	0	2	2
BCAC_FM_82	signal1	chr19_19431963_G_T	SUGP1	protein_coding	162	1	0	1	1	2	0	2	2
BCAC_FM_82	signal1	chr19_19431963_G_T	MAU2	protein_coding	162	1	0	1	1	2	0	2	2
BCAC_FM_82	signal1	rs1054930:19648346:G:C	CILP2	protein_coding	162	1	0	1	1	2	0	2	2
BCAC_FM_82	signal1	chr19_19545696_A_G	MIR640	miRNA	162	0.1	0	1	1	0.2	0	0.2	3
BCAC_FM_84	signal1	rs2992756:18807339:T:C	KLHDC7A	protein_coding	12	1	1	1	1	3	0	3	1
BCAC_FM_86	signal1	rs13142756:84381497:T:G	MRPS18C	protein_coding	84	1	1	1	1	3	0	3	1
BCAC_FM_87	signal2	rs152817:50230879:T:A	RP11-317O24.2	lincRNA	93	0.1	0	1	1	0.2	0	0.2	3
BCAC_FM_89	signal1	rs7484123:805234:G:A	PIDD1	protein_coding	19	1	0	1	1	2	0	2	2
BCAC_FM_89	signal1	rs7484068:805419:G:A	PIDD1	protein_coding	19	1	0	1	1	2	0	2	2
BCAC_FM_89	signal1	rs11246313:805578:G:T	PIDD1	protein_coding	19	1	0	1	1	2	0	2	2
BCAC_FM_89	signal1	rs11246314:805589:G:A	PIDD1	protein_coding	19	1	0	1	1	2	0	2	2
BCAC_FM_89	signal1	rs11246316	PIDD1	protein_coding	19	1	0	1	1	2	0	2	2
BCAC_FM_96	signal1	rs1547180:46768408:T:C	UQCRH	protein_coding	11	1	0	1	1	2	0	2	2
