region	signal	variant	gene	biotype	N_SNPs_signal	gene_expression	MISSENSE	PTM	SPLICING	STOP	driver_status	gene_score	gene_inquisit_level
BCAC_FM_1	signal1	chr1_10580891_C_T	PEX14	protein_coding	19	1	0	0	1	0	0	1	2
BCAC_FM_10	signal1	chr2_25109317_A_G	ADCY3	protein_coding	92	1	0	0	1	0	0	1	2
BCAC_FM_10	signal1	chr2_25128730_C_T	ADCY3	protein_coding	92	1	0	0	1	0	0	1	2
BCAC_FM_10	signal1	rs10651478:25129166:A:ACT	ADCY3	protein_coding	92	1	0	0	1	0	0	1	2
BCAC_FM_10	signal1	rs13401333:25373031:C:T	EFR3B	protein_coding	92	1	0	0	1	0	0	1	2
BCAC_FM_10	signal1	rs1865689:25108197:T:C	ADCY3	protein_coding	92	1	0	0	1	0	0	1	2
BCAC_FM_10	signal1	rs72110857:25465780:TATAATA:T	DNMT3A	protein_coding	92	1	0	0	1	0	1	2	1
BCAC_FM_10	signal1	rs72810056:25487097:C:T	DNMT3A	protein_coding	92	1	0	0	1	0	1	2	1
BCAC_FM_101	signal1	chr1_155148781_A_G	TRIM46	protein_coding	16	1	0	0	1	0	0	1	2
BCAC_FM_101	signal1	rs4971101:155157635:G:A	MUC1	protein_coding	16	1	0	0	1	0	0	1	2
BCAC_FM_102	signal1	chr1_201437832_C_T	PHLDA3	protein_coding	2	1	1	0	0	0	0	1	2
BCAC_FM_103	signal1	rs12123505:203791049:C:G	ZC3H11A	protein_coding	56	1	0	0	1	0	0	1	2
BCAC_FM_103	signal1	rs2275325:203800735:G:C	ZC3H11A	protein_coding	56	1	0	0	1	0	0	1	2
BCAC_FM_103	signal1	rs67642275:203789596:A:G	ZC3H11A	protein_coding	56	1	0	0	1	0	0	1	2
BCAC_FM_104	signal1	rs11117758:217220574:G:A	ESRRG	protein_coding	12	1	0	0	1	0	0	1	2
BCAC_FM_104	signal1	rs12075072:217202672:T:C	ESRRG	protein_coding	12	1	0	0	1	0	0	1	2
BCAC_FM_109	signal1	rs10212525:99713377:T:C	FILIP1L	protein_coding	92	1	0	0	1	0	0	1	2
BCAC_FM_109	signal1	rs13064704:99767541:G:A	FILIP1L	protein_coding	92	1	0	0	1	0	0	1	2
BCAC_FM_109	signal1	rs13323143:99811553:T:C	CMSS1	protein_coding	92	1	0	0	1	0	0	1	2
BCAC_FM_109	signal1	rs1489816:99769088:C:G	FILIP1L	protein_coding	92	1	0	0	1	0	0	1	2
BCAC_FM_109	signal1	rs1606481:99427552:A:G	COL8A1	protein_coding	92	1	0	0	1	0	0	1	2
BCAC_FM_109	signal1	rs1630555:99423273:A:T	COL8A1	protein_coding	92	1	0	0	1	0	0	1	2
BCAC_FM_109	signal1	rs1688771:99503359:T:A	COL8A1	protein_coding	92	1	0	0	1	0	0	1	2
BCAC_FM_109	signal1	rs17393059:99761908:A:G	CMSS1	protein_coding	92	1	0	0	1	0	0	1	2
BCAC_FM_109	signal1	rs2291495:99782227:T:G	FILIP1L	protein_coding	92	1	0	0	1	0	0	1	2
BCAC_FM_109	signal1	rs34922392:99794730:G:T	CMSS1	protein_coding	92	1	0	0	1	0	0	1	2
BCAC_FM_109	signal1	rs35701020:99756314:A:G	FILIP1L	protein_coding	92	1	0	0	1	0	0	1	2
BCAC_FM_109	signal1	rs4928234:99704861:T:C	FILIP1L	protein_coding	92	1	0	0	1	0	0	1	2
BCAC_FM_109	signal1	rs62285478:99822135:C:T	FILIP1L	protein_coding	92	1	0	0	1	0	0	1	2
BCAC_FM_109	signal1	rs6799379:99762840:C:T	CMSS1	protein_coding	92	1	0	0	1	0	0	1	2
BCAC_FM_109	signal1	rs6802422:99778655:T:C	FILIP1L	protein_coding	92	1	0	0	1	0	0	1	2
BCAC_FM_109	signal1	rs6807176:99760864:A:G	CMSS1	protein_coding	92	1	0	0	1	0	0	1	2
BCAC_FM_109	signal1	rs704582:99571926:C:T	CMSS1	protein_coding	92	1	0	0	1	0	0	1	2
BCAC_FM_109	signal1	rs704582:99571926:C:T	FILIP1L	protein_coding	92	1	0	0	1	0	0	1	2
BCAC_FM_109	signal1	rs7620228:99790332:A:C	CMSS1	protein_coding	92	1	0	0	1	0	0	1	2
BCAC_FM_109	signal1	rs793499:99565576:T:C	CMSS1	protein_coding	92	1	0	0	1	0	0	1	2
BCAC_FM_109	signal1	rs923470:99757792:G:A	FILIP1L	protein_coding	92	1	0	0	1	0	0	1	2
BCAC_FM_109	signal1	rs9815439:99785206:G:C	CMSS1	protein_coding	92	1	0	0	1	0	0	1	2
BCAC_FM_109	signal1	rs9828079:99806645:A:G	CMSS1	protein_coding	92	1	0	0	1	0	0	1	2
BCAC_FM_109	signal1	rs9837602:99824685:G:A	FILIP1L	protein_coding	92	1	0	0	1	0	0	1	2
BCAC_FM_109	signal1	rs9852435:99714855:T:C	FILIP1L	protein_coding	92	1	0	0	1	0	0	1	2
BCAC_FM_109	signal1	rs9873709:99711687:G:A	CMSS1	protein_coding	92	1	0	0	1	0	0	1	2
BCAC_FM_110	signal1	chr3_141100280_A_G	ZBTB38	protein_coding	24	1	0	0	1	0	0	1	2
BCAC_FM_110	signal1	chr3_141101961_C_T	ZBTB38	protein_coding	24	1	0	0	1	0	0	1	2
BCAC_FM_110	signal1	chr3_141118028_A_G	ZBTB38	protein_coding	24	1	0	0	1	0	0	1	2
BCAC_FM_110	signal1	chr3_141140366_A_T	ZBTB38	protein_coding	24	1	0	0	1	0	0	1	2
BCAC_FM_110	signal1	rs2871960	ZBTB38	protein_coding	24	1	0	0	1	0	0	1	2
BCAC_FM_110	signal1	rs9846396	ZBTB38	protein_coding	24	1	0	0	1	0	0	1	2
BCAC_FM_111	CIMBA	rs3774316:172238421:C:A	TNFSF10	protein_coding	36	1	0	0	1	0	0	1	2
BCAC_FM_111	CIMBA	rs7631904:172222756:C:T	TNFSF10	protein_coding	36	1	0	0	1	0	0	1	2
BCAC_FM_112	signal1	rs10034903:38784678:C:G	TLR10	protein_coding	24	1	0	0	1	0	0	1	2
BCAC_FM_112	signal1	rs4833095:38799710:T:C	TLR1	protein_coding	24	1	1	0	0	0	0	2	1
BCAC_FM_112	signal1	rs5743614:38798935:C:T	TLR1	protein_coding	24	1	0	0	1	0	0	2	1
BCAC_FM_116	signal1	rs11948056:90680468:A:C	ARRDC3	protein_coding	88	1	0	0	1	0	0	1	2
BCAC_FM_116	signal1	rs12110303:90662839:G:T	ARRDC3	protein_coding	88	1	0	0	1	0	0	1	2
BCAC_FM_116	signal1	rs1477348:90707823:G:A	ARRDC3-AS1	NA	88	1	0	0	1	0	0	1	2
BCAC_FM_116	signal1	rs1477349:90707773:G:A	ARRDC3-AS1	NA	88	1	0	0	1	0	0	1	2
BCAC_FM_116	signal1	rs6882269:90712123:A:G	ARRDC3-AS1	NA	88	1	0	0	1	0	0	1	2
BCAC_FM_116	signal1	rs7705465:90680949:G:A	ARRDC3-AS1	NA	88	1	0	0	1	0	0	1	2
BCAC_FM_116	signal1	rs7715402:90679504:T:A	ARRDC3-AS1	NA	88	1	0	0	1	0	0	1	2
BCAC_FM_118	signal1	rs10463900:132434649:G:C	HSPA4	protein_coding	117	1	0	0	1	0	0	1	2
BCAC_FM_118	signal1	rs4128344:132418080:C:G	HSPA4	protein_coding	117	1	0	0	1	0	0	1	2
BCAC_FM_118	signal1	rs4321746:132404163:A:T	HSPA4	protein_coding	117	1	0	0	1	0	0	1	2
BCAC_FM_118	signal1	rs4367292:132435572:C:T	HSPA4	protein_coding	117	1	0	0	1	0	0	1	2
BCAC_FM_118	signal1	rs4705990:132403433:A:G	HSPA4	protein_coding	117	1	0	0	1	0	0	1	2
BCAC_FM_118	signal1	rs55834426:132397121:C:CTATT	HSPA4	protein_coding	117	1	0	0	1	0	0	1	2
BCAC_FM_118	signal1	rs56076449:132442190:T:G	HSPA4	protein_coding	117	1	0	0	1	0	0	1	2
BCAC_FM_118	signal1	rs62375204:132391462:C:T	HSPA4	protein_coding	117	1	0	0	1	0	0	1	2
BCAC_FM_118	signal1	rs62375205:132393389:A:G	HSPA4	protein_coding	117	1	0	0	1	0	0	1	2
BCAC_FM_118	signal1	rs62375208:132399267:C:T	HSPA4	protein_coding	117	1	0	0	1	0	0	1	2
BCAC_FM_118	signal1	rs6596099:132403359:T:A	HSPA4	protein_coding	117	1	0	0	1	0	0	1	2
BCAC_FM_118	signal1	rs76495289:132418974:A:T	HSPA4	protein_coding	117	1	0	0	1	0	0	1	2
BCAC_FM_12	signal2	rs62181673:172388780:C:T	CYBRD1	protein_coding	35	1	0	0	1	0	0	1	2
BCAC_FM_121	signal1	rs11758281:20597318:G:A	CDKAL1	protein_coding	52	1	0	0	1	0	0	1	2
BCAC_FM_121	signal1	rs12175876:20615281:A:G	CDKAL1	protein_coding	52	1	0	0	1	0	0	1	2
BCAC_FM_121	signal1	rs13437429:20626651:C:T	CDKAL1	protein_coding	52	1	0	0	1	0	0	1	2
BCAC_FM_121	signal1	rs183221892:20616105:G:T	CDKAL1	protein_coding	52	1	0	0	1	0	0	1	2
BCAC_FM_121	signal1	rs2328528:20631545:A:T	CDKAL1	protein_coding	52	1	0	0	1	0	0	1	2
BCAC_FM_121	signal1	rs9356739:20614682:C:G	CDKAL1	protein_coding	52	1	0	0	1	0	0	1	2
BCAC_FM_121	signal1	rs9358353:20612724:C:T	CDKAL1	protein_coding	52	1	0	0	1	0	0	1	2
BCAC_FM_121	signal1	rs9368209:20590287:G:C	CDKAL1	protein_coding	52	1	0	0	1	0	0	1	2
BCAC_FM_121	signal1	rs9460537:20632110:C:T	CDKAL1	protein_coding	52	1	0	0	1	0	0	1	2
BCAC_FM_124	signal1	chr6_130346105_A_G	L3MBTL3	protein_coding	43	1	0	0	1	0	0	2	1
BCAC_FM_124	signal1	chr6_130349119_C_T	L3MBTL3	protein_coding	43	1	0	0	1	0	0	2	1
BCAC_FM_124	signal1	chr6_130374102_A_C	L3MBTL3	protein_coding	43	1	1	0	0	0	0	2	1
BCAC_FM_124	signal1	rs12661188:130378833:T:C	L3MBTL3	protein_coding	43	1	0	0	1	0	0	2	1
BCAC_FM_124	signal1	rs4339481:130382653:A:T	L3MBTL3	protein_coding	43	1	0	0	1	0	0	2	1
BCAC_FM_124	signal1	rs4373379:130374569:G:A	L3MBTL3	protein_coding	43	1	0	0	1	0	0	2	1
BCAC_FM_124	signal1	rs4551191:130366218:C:G	L3MBTL3	protein_coding	43	1	0	0	1	0	0	2	1
BCAC_FM_124	signal1	rs4594967:130366161:A:G	L3MBTL3	protein_coding	43	1	0	0	1	0	0	2	1
BCAC_FM_126	signal1	rs55714084:21939089:C:A	CDCA7L	protein_coding	9	1	0	0	1	0	0	1	2
BCAC_FM_128	signal1	7:94247108:A:ACTC	SGCE	protein_coding	47	1	0	0	1	0	0	1	2
BCAC_FM_130	signal1	rs12544108:106367075:G:A	ZFPM2	protein_coding	54	0.1	0	0	1	0	0	0.1	3
BCAC_FM_130	signal1	rs17211035	ZFPM2	protein_coding	54	0.1	0	0	1	0	0	0.1	3
BCAC_FM_130	signal1	rs2035362:106376335:G:T	ZFPM2	protein_coding	54	0.1	0	0	1	0	0	0.1	3
BCAC_FM_130	signal1	rs2860297:106353650:A:G	ZFPM2	protein_coding	54	0.1	0	0	1	0	0	0.1	3
BCAC_FM_130	signal1	rs2957444:106352880:T:C	ZFPM2	protein_coding	54	0.1	0	0	1	0	0	0.1	3
BCAC_FM_130	signal1	rs2957446:106355864:A:G	ZFPM2	protein_coding	54	0.1	0	0	1	0	0	0.1	3
BCAC_FM_130	signal1	rs35033904:106362221:A:G	ZFPM2	protein_coding	54	0.1	0	0	1	0	0	0.1	3
BCAC_FM_131	signal1	rs13281094:124741789:T:C	ANXA13	protein_coding	23	1	0	0	1	0	0	1	2
BCAC_FM_131	signal1	rs28651583:124733054:C:G	ANXA13	protein_coding	23	1	0	0	1	0	0	1	2
BCAC_FM_131	signal1	rs4871410:124739287:T:C	ANXA13	protein_coding	23	1	0	0	1	0	0	1	2
BCAC_FM_131	signal1	rs7842619:124739913:T:G	ANXA13	protein_coding	23	1	0	0	1	0	0	1	2
BCAC_FM_132	signal1	rs11787627	ASTN2	protein_coding	29	1	0	0	1	0	0	1	2
BCAC_FM_132	signal1	rs1407243:119314851:C:T	ASTN2-AS1	NA	29	0.1	0	0	1	0	0	0.1	3
BCAC_FM_132	signal1	rs146737360:119296736:G:T	ASTN2-AS1	NA	29	0.1	0	0	1	0	0	0.1	3
BCAC_FM_132	signal1	rs2208562:119344528:C:T	ASTN2	protein_coding	29	1	0	0	1	0	0	1	2
BCAC_FM_132	signal1	rs2416564:119370679:C:T	ASTN2	protein_coding	29	1	0	0	1	0	0	1	2
BCAC_FM_132	signal1	rs7871810:119374883:T:C	ASTN2	protein_coding	29	1	0	0	1	0	0	1	2
BCAC_FM_138	signal1	12:120800988:C:T	MSI1	protein_coding	5	1	0	0	1	0	0	1	2
BCAC_FM_14	CIMBA	chr2_201726390_C_T	CLK1	protein_coding	154	1	0	0	1	0	0	1	2
BCAC_FM_14	CIMBA	chr2_201846083_A_G	FAM126B	protein_coding	154	1	0	0	1	0	0	1	2
BCAC_FM_14	CIMBA	chr2_201854025_C_T	FAM126B	protein_coding	154	1	0	0	1	0	0	1	2
BCAC_FM_14	CIMBA	chr2_201858087_C_T	FAM126B	protein_coding	154	1	0	0	1	0	0	1	2
BCAC_FM_14	CIMBA	chr2_201863860_A_C	FAM126B	protein_coding	154	1	0	0	1	0	0	1	2
BCAC_FM_14	CIMBA	chr2_201871575_A_C	FAM126B	protein_coding	154	1	0	0	1	0	0	1	2
BCAC_FM_14	CIMBA	chr2_201876052_C_T	FAM126B	protein_coding	154	1	0	0	1	0	0	1	2
BCAC_FM_14	CIMBA	chr2_201879455_C_T	FAM126B	protein_coding	154	1	0	0	1	0	0	1	2
BCAC_FM_14	CIMBA	chr2_201908835_A_G	FAM126B	protein_coding	154	1	0	0	1	0	0	1	2
BCAC_FM_14	CIMBA	chr2_201911475_G_T	FAM126B	protein_coding	154	1	0	0	1	0	0	1	2
BCAC_FM_14	CIMBA	chr2_201937599_C_T	FAM126B	protein_coding	154	1	0	0	1	0	0	1	2
BCAC_FM_14	CIMBA	chr2_201980843_A_G	CFLAR	protein_coding	154	1	0	0	1	0	0	1	2
BCAC_FM_14	CIMBA	rs114326395:201897787:C:A	FAM126B	protein_coding	154	1	0	0	1	0	0	1	2
BCAC_FM_14	CIMBA	rs114962751:201935871:T:A	FAM126B	protein_coding	154	1	0	0	1	0	0	1	2
BCAC_FM_14	CIMBA	rs115167130:201921441:T:G	FAM126B	protein_coding	154	1	0	0	1	0	0	1	2
BCAC_FM_14	CIMBA	rs116276983:201914847:G:A	FAM126B	protein_coding	154	1	0	0	1	0	0	1	2
BCAC_FM_14	CIMBA	rs116301213:201920278:A:T	FAM126B	protein_coding	154	1	0	0	1	0	0	1	2
BCAC_FM_14	CIMBA	rs116724456:202002617:C:G	CFLAR	protein_coding	154	1	0	0	1	0	0	1	2
BCAC_FM_14	CIMBA	rs11888623:201946957:T:G	NDUFB3	protein_coding	154	1	0	0	1	0	0	1	2
BCAC_FM_14	CIMBA	rs13415568:201723902:C:G	CLK1	protein_coding	154	1	0	0	1	0	0	1	2
BCAC_FM_14	CIMBA	rs143709332:202006755:T:C	CFLAR-AS1	antisense	154	1	0	0	1	0	0	1	2
BCAC_FM_14	CIMBA	rs151067359:201876969:G:C	FAM126B	protein_coding	154	1	0	0	1	0	0	1	2
BCAC_FM_14	CIMBA	rs189252016:201892272:G:A	FAM126B	protein_coding	154	1	0	0	1	0	0	1	2
BCAC_FM_14	CIMBA	rs190565001:201870798:G:A	FAM126B	protein_coding	154	1	0	0	1	0	0	1	2
BCAC_FM_14	CIMBA	rs200903147:201931200:TAATA:T	FAM126B	protein_coding	154	1	0	0	1	0	0	1	2
BCAC_FM_14	signal2	rs13010627	CASP10	protein_coding	8	1	1	0	0	0	0	1	2
BCAC_FM_140	signal1	chr15_91502383_C_T	RCCD1	protein_coding	22	1	0	0	1	0	0	1	2
BCAC_FM_140	signal1	chr15_91528070_C_G	PRC1-AS1	antisense	22	1	0	0	1	0	0	1	2
BCAC_FM_140	signal1	chr15_91529452_C_T	PRC1	protein_coding	22	1	0	0	1	0	0	1	2
BCAC_FM_140	signal1	chr15_91548601_A_G	VPS33B	protein_coding	22	1	0	0	1	0	0	1	2
BCAC_FM_140	signal1	rs12594925:91520287:G:A	PRC1	protein_coding	22	1	0	0	1	0	0	1	2
BCAC_FM_140	signal1	rs12595025:91520131:C:T	PRC1-AS1	antisense	22	1	0	0	1	0	0	1	2
BCAC_FM_140	signal1	rs2890156:91513157:T:A	PRC1	protein_coding	22	1	0	0	1	0	0	1	2
BCAC_FM_142	signal1	rs72826975:40951030:G:A	CNTD1	protein_coding	8	1	0	0	1	0	0	1	2
BCAC_FM_142	signal1	rs72826975:40951030:G:A	WNK4	protein_coding	8	1	0	0	1	0	0	1	2
BCAC_FM_144	signal1	rs16959889:30015464:T:C	GAREM1	NA	19	NA	0	0	1	0	0	NA	NA
BCAC_FM_144	signal1	rs16963339:29986488:G:C	GAREM1	NA	19	NA	0	0	1	0	0	NA	NA
BCAC_FM_144	signal1	rs72933507:29990368:T:C	GAREM1	NA	19	NA	0	0	1	0	0	NA	NA
BCAC_FM_146	signal1	rs1010222:13048608:A:G	CALR	protein_coding	21	1	0	0	1	0	0	1	2
BCAC_FM_146	signal1	rs1060218:13008607:G:T	GCDH	protein_coding	21	1	0	0	1	0	0	1	2
BCAC_FM_146	signal1	rs117758012:12957650:C:T	MAST1	protein_coding	21	1	0	0	1	0	0	1	2
BCAC_FM_148	signal1	rs4820318:38570313:G:A	PLA2G6	protein_coding	27	1	0	0	1	0	0	1	2
BCAC_FM_148	signal1	rs4821751:38564457:T:C	PLA2G6	protein_coding	27	1	0	0	1	0	0	1	2
BCAC_FM_148	signal1	rs5995542:38558141:C:T	PLA2G6	protein_coding	27	1	0	0	1	0	0	1	2
BCAC_FM_148	signal2	rs12628403:39358037:A:C	APOBEC3A	protein_coding	4	1	0	0	1	0	0	1	2
BCAC_FM_148	signal2	rs12628403:39358037:A:C	APOBEC3A_B	NA	4	NA	0	0	1	0	0	NA	NA
BCAC_FM_15	signal3	chr2_218251702_A_G	DIRC3	protein_coding	42	1	0	0	1	0	0	1	2
BCAC_FM_15	signal3	rs12694417:218306089:C:T	DIRC3	protein_coding	42	1	0	0	1	0	0	1	2
BCAC_FM_15	signal3	rs6729012:218305393:A:C	DIRC3	protein_coding	42	1	0	0	1	0	0	1	2
BCAC_FM_15	signal3	rs73069129:218305901:A:C	DIRC3	protein_coding	42	1	0	0	1	0	0	1	2
BCAC_FM_150	signal1	rs117078955:41897987:C:T	ACO2	protein_coding	10	1	0	0	1	0	0	1	2
BCAC_FM_150	signal1	rs62238726:41577489:A:T	EP300	protein_coding	10	1	0	0	1	0	1	2	1
BCAC_FM_16	signal1	chr3_4742276_A_G	ITPR1	protein_coding	4	1	0	0	1	0	0	1	2
BCAC_FM_16	signal1	rs6774180	ITPR1	protein_coding	4	1	0	0	1	0	0	1	2
BCAC_FM_164	signal1	rs10099411:177093:G:C	RPL23AP53	pseudogene	25	NA	0	0	1	0	0	NA	NA
BCAC_FM_164	signal1	rs3008282:174284:A:T	RPL23AP53	pseudogene	25	NA	0	0	1	0	0	NA	NA
BCAC_FM_164	signal1	rs34810249:163366:T:C	RPL23AP53	pseudogene	25	NA	0	0	1	0	0	NA	NA
BCAC_FM_164	signal1	rs4045962:163419:G:A	RPL23AP53	pseudogene	25	NA	0	0	1	0	0	NA	NA
BCAC_FM_165	CIMBA	chr11_108357137_A_G	KDELC2	protein_coding	8	1	1	0	0	0	0	1	2
BCAC_FM_165	CIMBA	rs141379009:108149207:T:G	ATM	protein_coding	8	1	0	0	1	0	1	3	1
BCAC_FM_165	CIMBA	rs1800057:108143456:C:G	ATM	protein_coding	8	1	1	0	0	0	1	3	1
BCAC_FM_165	CIMBA	rs78142456:108431166:C:T	EXPH5	protein_coding	8	1	0	0	1	0	0	1	2
BCAC_FM_165	signal1	chr11_108105593_A_G	ATM	protein_coding	59	1	0	0	1	0	1	2	1
BCAC_FM_165	signal1	chr11_108344081_A_G	KDELC2	protein_coding	59	1	0	0	1	0	0	1	2
BCAC_FM_165	signal1	chr11_108365182_C_T	KDELC2	protein_coding	59	1	0	0	1	0	0	1	2
BCAC_FM_165	signal1	rs10749917:108341554:C:A	KDELC2	protein_coding	59	1	0	0	1	0	0	1	2
BCAC_FM_165	signal1	rs11212625:108298213:G:T	C11orf65	protein_coding	59	1	0	0	1	0	0	1	2
BCAC_FM_165	signal1	rs116201292:108313599:T:C	C11orf65	protein_coding	59	1	0	0	1	0	0	1	2
BCAC_FM_165	signal1	rs199528050:108317173:C:G	C11orf65	protein_coding	59	1	0	0	1	0	0	1	2
BCAC_FM_165	signal1	rs2118308:108315463:C:G	C11orf65	protein_coding	59	1	0	0	1	0	0	1	2
BCAC_FM_165	signal1	rs6589018:108314128:C:G	C11orf65	protein_coding	59	1	0	0	1	0	0	1	2
BCAC_FM_165	signal1	rs7111091:108314694:T:A	C11orf65	protein_coding	59	1	0	0	1	0	0	1	2
BCAC_FM_17	signal1	chr3_27297816_C_G	NEK10	protein_coding	44	1	0	0	1	0	0	1	2
BCAC_FM_17	signal1	chr3_27317846_A_C	NEK10	protein_coding	44	1	0	0	1	0	0	1	2
BCAC_FM_17	signal1	chr3_27327214_C_T	NEK10	protein_coding	44	1	0	0	1	0	0	1	2
BCAC_FM_17	signal1	chr3_27352143_A_T	NEK10	protein_coding	44	1	0	0	1	0	0	1	2
BCAC_FM_17	signal1	chr3_27361880_C_T	NEK10	protein_coding	44	1	0	0	1	0	0	1	2
BCAC_FM_17	signal1	rs3920005	NEK10	protein_coding	44	1	0	0	1	0	0	1	2
BCAC_FM_17	signal1	rs479566:27326999:T:C	NEK10	protein_coding	44	1	0	0	1	0	0	1	2
BCAC_FM_17	signal1	rs55782834:27372628:C:T	NEK10	protein_coding	44	1	0	0	1	0	0	1	2
BCAC_FM_17	signal1	rs599298:27355115:T:C	NEK10	protein_coding	44	1	0	0	1	0	0	1	2
BCAC_FM_17	signal1	rs60050839:27371534:AC:A	NEK10	protein_coding	44	1	0	0	1	0	0	1	2
BCAC_FM_17	signal1	rs6551189:27304689:A:C	NEK10	protein_coding	44	1	0	0	1	0	0	1	2
BCAC_FM_17	signal2	c3_pos27364460	NEK10	protein_coding	12	1	0	0	1	0	0	1	2
BCAC_FM_17	signal2	chr3_27394419_G_T	NEK10	protein_coding	12	1	0	0	1	0	0	1	2
BCAC_FM_17	signal2	rs1844983:27370203:C:T	NEK10	protein_coding	12	1	0	0	1	0	0	1	2
BCAC_FM_18	signal1	chr3_30686931_G_T	TGFBR2	protein_coding	23	1	0	0	1	0	1	2	1
BCAC_FM_18	signal1	chr3_30687715_C_G	TGFBR2	protein_coding	23	1	0	0	1	0	1	2	1
BCAC_FM_18	signal1	rs13061018	TGFBR2	protein_coding	23	1	0	0	1	0	1	2	1
BCAC_FM_19	CIMBA	3:46973094:G:GGAGGGAGGCCT	CCDC12	protein_coding	16	1	0	0	1	0	0	1	2
BCAC_FM_19	CIMBA	rs4587:46963502:T:C	CCDC12	protein_coding	16	1	0	0	1	0	0	1	2
BCAC_FM_19	CIMBA	rs9852082:46972377:T:C	CCDC12	protein_coding	16	1	0	0	1	0	0	1	2
BCAC_FM_2	signal1	exm85648	AP4B1	protein_coding	12	1	0	0	1	0	0	1	2
BCAC_FM_2	signal1	exm85648	DCLRE1B	protein_coding	12	1	1	0	0	0	0	1	2
BCAC_FM_20	signal1	chr3_63850660_C_G	ATXN7	protein_coding	94	1	0	0	1	0	0	2	1
BCAC_FM_20	signal1	chr3_63868596_A_G	ATXN7	protein_coding	94	1	0	0	1	0	0	2	1
BCAC_FM_20	signal1	chr3_63894829_A_C	ATXN7	protein_coding	94	1	0	0	1	0	0	2	1
BCAC_FM_20	signal1	chr3_63895303_C_G	ATXN7	protein_coding	94	1	0	0	1	0	0	2	1
BCAC_FM_20	signal1	chr3_63896266_A_T	ATXN7	protein_coding	94	1	0	0	1	0	0	2	1
BCAC_FM_20	signal1	chr3_63909085_A_INDEL	ATXN7	protein_coding	94	1	0	0	1	0	0	2	1
BCAC_FM_20	signal1	chr3_63916028_A_G	ATXN7	protein_coding	94	1	0	0	1	0	0	2	1
BCAC_FM_20	signal1	chr3_63927739_A_G	ATXN7	protein_coding	94	1	0	0	1	0	0	2	1
BCAC_FM_20	signal1	chr3_63977875_A_G	ATXN7	protein_coding	94	1	0	0	1	0	0	2	1
BCAC_FM_20	signal1	chr3_64000464_C_T	PSMD6	protein_coding	94	1	0	0	1	0	0	1	2
BCAC_FM_20	signal1	rs1053338	ATXN7	protein_coding	94	1	1	0	0	0	0	2	1
BCAC_FM_20	signal1	rs147106104:64011657:A:T	PSMD6	protein_coding	94	1	0	0	1	0	0	1	2
BCAC_FM_20	signal1	rs147250346:63887449:T:TTG	ATXN7	protein_coding	94	1	0	0	1	0	0	2	1
BCAC_FM_20	signal1	rs184702073:63851495:C:T	THOC7	protein_coding	94	1	0	0	1	0	0	1	2
BCAC_FM_20	signal1	rs2280162	PSMD6	protein_coding	94	1	0	0	1	0	0	1	2
BCAC_FM_20	signal1	rs3832255	ATXN7	protein_coding	94	1	0	0	1	0	0	2	1
BCAC_FM_20	signal1	rs3846221	PSMD6	protein_coding	94	1	0	0	1	0	0	1	2
BCAC_FM_20	signal1	rs704364:63874734:A:G	ATXN7	protein_coding	94	1	0	0	1	0	0	2	1
BCAC_FM_21	signal1	rs12641113:106086302:C:T	TET2	protein_coding	21	1	0	0	1	0	1	2	1
BCAC_FM_21	signal1	rs2647256	TET2-AS1	antisense	21	0.1	0	0	1	0	0	0.1	3
BCAC_FM_21	signal1	rs34407189:106147234:C:CT	TET2-AS1	antisense	21	0.1	0	0	1	0	0	0.1	3
BCAC_FM_21	signal1	rs9884985:106143968:G:A	TET2	protein_coding	21	1	0	0	1	0	1	2	1
BCAC_FM_22	signal1	chr4_175849984_A_T	ADAM29	protein_coding	11	1	0	0	1	0	0	1	2
BCAC_FM_22	signal2	chr4_175844872_A_G	ADAM29	protein_coding	11	1	0	0	1	0	0	1	2
BCAC_FM_22	signal2	rs62334415:175847909:A:G	ADAM29	protein_coding	11	1	0	0	1	0	0	1	2
BCAC_FM_23	signal1	rs10069690	TERT	protein_coding	1	1	0	0	1	0	0	1	2
BCAC_FM_23	signal2	rs10548207:1297077:ACC:A	TERT	protein_coding	5	1	0	0	1	0	0	1	2
BCAC_FM_23	signal3	rs112616037:1206479:C:CTG	SLC6A19	protein_coding	23	1	0	0	1	0	0	1	2
BCAC_FM_23	signal3	rs11746371:1219859:C:T	SLC6A19	protein_coding	23	1	0	0	1	0	0	1	2
BCAC_FM_23	signal3	rs6554666	SLC6A19	protein_coding	23	1	0	0	1	0	0	1	2
BCAC_FM_23	signal3	rs7379178:1232240:C:T	SLC6A18	protein_coding	23	1	0	0	1	0	0	1	2
BCAC_FM_26	signal3	rs35850760:44811508:A:G	MRPS30	protein_coding	72	1	0	0	1	0	0	1	2
BCAC_FM_27	CIMBA	5:55810281:G:GTAAGTGAGTTCTCGGTCTATTAGATCC	C5orf67	NA	16	1	0	0	1	0	0	1	2
BCAC_FM_27	signal3	rs111968853:56128939:C:T	MAP3K1	protein_coding	21	1	0	0	1	0	1	2	1
BCAC_FM_28	signal1	rs1075640:58318971:C:T	PDE4D	protein_coding	30	1	0	0	1	0	0	1	2
BCAC_FM_28	signal1	rs2968010:58350588:T:A	PDE4D	protein_coding	30	1	0	0	1	0	0	1	2
BCAC_FM_28	signal2	rs10472097:58493914:G:T	PDE4D	protein_coding	5	1	0	0	1	0	0	1	2
BCAC_FM_29	signal1	chr5_81491087_A_G	ATG10	protein_coding	23	1	0	0	1	0	0	1	2
BCAC_FM_29	signal1	rs4081859:81466669:G:A	ATG10	protein_coding	23	1	0	0	1	0	0	1	2
BCAC_FM_30	signal1	chr5_158261163_C_T	EBF1	protein_coding	5	1	0	0	1	0	0	1	2
BCAC_FM_32	signal1	chr6_13641739_G_T	RANBP9	protein_coding	51	1	0	0	1	0	0	1	2
BCAC_FM_32	signal1	chr6_13683948_C_T	RANBP9	protein_coding	51	1	0	0	1	0	0	1	2
BCAC_FM_32	signal1	chr6_13685185_A_G	RANBP9	protein_coding	51	1	0	0	1	0	0	1	2
BCAC_FM_32	signal1	chr6_13689494_C_T	RANBP9	protein_coding	51	1	0	0	1	0	0	1	2
BCAC_FM_32	signal1	rs11970591:13670864:C:T	RANBP9	protein_coding	51	1	0	0	1	0	0	1	2
BCAC_FM_32	signal1	rs2080415:13674113:A:C	RANBP9	protein_coding	51	1	0	0	1	0	0	1	2
BCAC_FM_32	signal1	rs3846912	RANBP9	protein_coding	51	1	0	0	1	0	0	1	2
BCAC_FM_32	signal1	rs418053:13713366:G:C	RANBP9	protein_coding	51	1	0	0	1	0	0	1	2
BCAC_FM_32	signal1	rs7741241:13664855:G:A	RANBP9	protein_coding	51	1	0	0	1	0	0	1	2
BCAC_FM_33	signal1	rs111589498:28878192:C:T	TRIM27	protein_coding	36	1	0	0	1	0	0	1	2
BCAC_FM_33	signal1	rs77885578:29054914:T:A	OR2B3	protein_coding	36	0.1	0	1	0	0	0	0.1	3
BCAC_FM_35	signal4	rs6914432	CCDC170	protein_coding	6	1	0	0	1	0	0	1	2
BCAC_FM_35	signal5	rs12055837:152393367:A:T	ESR1	protein_coding	173	1	0	0	1	0	1	2	1
BCAC_FM_35	signal5	rs13216134	ESR1	protein_coding	173	1	0	0	1	0	1	2	1
BCAC_FM_35	signal5	rs17081994:152316747:T:C	ESR1	protein_coding	173	1	0	0	1	0	1	2	1
BCAC_FM_35	signal5	rs2273206:152382311:G:T	ESR1	protein_coding	173	1	0	0	1	0	1	2	1
BCAC_FM_35	signal5	rs34075826:152404924:T:G	ESR1	protein_coding	173	1	0	0	1	0	1	2	1
BCAC_FM_35	signal5	rs34322424:152397602:A:G	ESR1	protein_coding	173	1	0	0	1	0	1	2	1
BCAC_FM_35	signal5	rs35650978:152399556:G:A	ESR1	protein_coding	173	1	0	0	1	0	1	2	1
BCAC_FM_35	signal5	rs3778078:152384126:A:C	ESR1	protein_coding	173	1	0	0	1	0	1	2	1
BCAC_FM_35	signal5	rs3778087:152393707:G:T	ESR1	protein_coding	173	1	0	0	1	0	1	2	1
BCAC_FM_35	signal5	rs3798569:152384771:G:A	ESR1	protein_coding	173	1	0	0	1	0	1	2	1
BCAC_FM_35	signal5	rs3798573:152389362:A:G	ESR1	protein_coding	173	1	0	0	1	0	1	2	1
BCAC_FM_35	signal5	rs67690147:152340494:G:A	ESR1	protein_coding	173	1	0	0	1	0	1	2	1
BCAC_FM_35	signal5	rs6902725:152370868:C:T	ESR1	protein_coding	173	1	0	0	1	0	1	2	1
BCAC_FM_35	signal5	rs7766205:152395770:T:C	ESR1	protein_coding	173	1	0	0	1	0	1	2	1
BCAC_FM_35	signal5	rs9322358:152409263:A:G	ESR1	protein_coding	173	1	0	0	1	0	1	2	1
BCAC_FM_35	signal5	rs9383962:152375362:G:A	ESR1	protein_coding	173	1	0	0	1	0	1	2	1
BCAC_FM_35	signal5	rs9478276:152395187:C:T	ESR1	protein_coding	173	1	0	0	1	0	1	2	1
BCAC_FM_35	signal5	rs9478284:152398963:G:C	ESR1	protein_coding	173	1	0	0	1	0	1	2	1
BCAC_FM_35	signal5	rs9479183:152373162:G:C	ESR1	protein_coding	173	1	0	0	1	0	1	2	1
BCAC_FM_35	signal5	rs9479192:152393173:C:T	ESR1	protein_coding	173	1	0	0	1	0	1	2	1
BCAC_FM_35	signal5	rs9479200:152398505:A:G	ESR1	protein_coding	173	1	0	0	1	0	1	2	1
BCAC_FM_35	signal5	rs9479202:152400248:C:G	ESR1	protein_coding	173	1	0	0	1	0	1	2	1
BCAC_FM_35	signal6	rs76956704:152031496:C:T	ESR1	protein_coding	22	1	0	0	1	0	1	2	1
BCAC_FM_35	signal6	rs9322331	ESR1	protein_coding	22	1	0	0	1	0	1	2	1
BCAC_FM_36	signal1	chr7_91578639_A_G	AKAP9	protein_coding	318	1	0	0	1	0	0	2	1
BCAC_FM_36	signal1	chr7_91584281_A_G	AKAP9	protein_coding	318	1	0	0	1	0	0	2	1
BCAC_FM_36	signal1	chr7_91630620_G_T	AKAP9	protein_coding	318	1	1	0	0	0	0	2	1
BCAC_FM_36	signal1	chr7_91640773_A_T	AKAP9	protein_coding	318	1	0	0	1	0	0	2	1
BCAC_FM_36	signal1	chr7_91647390_A_G	AKAP9	protein_coding	318	1	0	0	1	0	0	2	1
BCAC_FM_36	signal1	chr7_91648341_A_G	AKAP9	protein_coding	318	1	0	0	1	0	0	2	1
BCAC_FM_36	signal1	chr7_91654617_C_T	AKAP9	protein_coding	318	1	0	0	1	0	0	2	1
BCAC_FM_36	signal1	chr7_91660053_A_G	AKAP9	protein_coding	318	1	0	0	1	0	0	2	1
BCAC_FM_36	signal1	chr7_91671020_A_G	AKAP9	protein_coding	318	1	0	0	1	0	0	2	1
BCAC_FM_36	signal1	chr7_91691946_G_T	AKAP9	protein_coding	318	1	0	0	1	0	0	2	1
BCAC_FM_36	signal1	chr7_91693837_A_G	AKAP9	protein_coding	318	1	0	0	1	0	0	2	1
BCAC_FM_36	signal1	chr7_91705696_A_G	AKAP9	protein_coding	318	1	0	0	1	0	0	2	1
BCAC_FM_36	signal1	chr7_91716104_A_G	AKAP9	protein_coding	318	1	0	0	1	0	0	2	1
BCAC_FM_36	signal1	chr7_91721581_A_G	AKAP9	protein_coding	318	1	0	0	1	0	0	2	1
BCAC_FM_36	signal1	chr7_91722966_A_G	AKAP9	protein_coding	318	1	0	0	1	0	0	2	1
BCAC_FM_36	signal1	chr7_91736078_A_C	AKAP9	protein_coding	318	1	0	0	1	0	0	2	1
BCAC_FM_36	signal1	chr7_91741132_C_T	CYP51A1	protein_coding	318	1	0	0	1	0	0	1	2
BCAC_FM_36	signal1	chr7_91742728_C_G	CYP51A1	protein_coding	318	1	0	0	1	0	0	1	2
BCAC_FM_36	signal1	chr7_91746727_C_T	CYP51A1	protein_coding	318	1	0	0	1	0	0	1	2
BCAC_FM_36	signal1	chr7_91750107_G_T	CYP51A1	protein_coding	318	1	0	0	1	0	0	1	2
BCAC_FM_36	signal1	chr7_91750116_A_G	CYP51A1	protein_coding	318	1	0	0	1	0	0	1	2
BCAC_FM_36	signal1	chr7_91759597_A_G	CYP51A1	protein_coding	318	1	0	0	1	0	0	1	2
BCAC_FM_36	signal1	chr7_91778465_A_G	CYP51A1-AS1	NA	318	1	0	0	1	0	0	1	2
BCAC_FM_36	signal1	chr7_91781380_C_T	CYP51A1-AS1	NA	318	1	0	0	1	0	0	1	2
BCAC_FM_36	signal1	chr7_91784212_A_T	LRRD1	protein_coding	318	1	0	0	1	0	0	1	2
BCAC_FM_36	signal1	rs10235941:91587050:T:G	AKAP9	protein_coding	318	1	0	0	1	0	0	2	1
BCAC_FM_36	signal1	rs10257832:91736921:C:T	AKAP9	protein_coding	318	1	0	0	1	0	0	2	1
BCAC_FM_36	signal1	rs10278080:91747120:G:A	CYP51A1	protein_coding	318	1	0	0	1	0	0	1	2
BCAC_FM_36	signal1	rs10605460:91607537:CAG:C	AKAP9	protein_coding	318	1	0	0	1	0	0	2	1
BCAC_FM_36	signal1	rs113152942:91679537:G:C	AKAP9	protein_coding	318	1	0	0	1	0	0	2	1
BCAC_FM_36	signal1	rs11976412:91782274:G:A	LRRD1	protein_coding	318	1	0	0	1	0	0	1	2
BCAC_FM_36	signal1	rs12531366:91683849:G:C	AKAP9	protein_coding	318	1	0	0	1	0	0	2	1
BCAC_FM_36	signal1	rs12540868:91776587:G:A	CYP51A1-AS1	NA	318	1	0	0	1	0	0	1	2
BCAC_FM_36	signal1	rs13230588:91615427:C:A	AKAP9	protein_coding	318	1	0	0	1	0	0	2	1
BCAC_FM_36	signal1	rs2188154:91595138:T:A	AKAP9	protein_coding	318	1	0	0	1	0	0	2	1
BCAC_FM_36	signal1	rs2282969:91583772:T:C	AKAP9	protein_coding	318	1	0	0	1	0	0	2	1
BCAC_FM_36	signal1	rs28671255	CYP51A1-AS1	NA	318	1	0	0	1	0	0	1	2
BCAC_FM_36	signal1	rs34341778:91699980:C:T	AKAP9	protein_coding	318	1	0	0	1	0	0	2	1
BCAC_FM_36	signal1	rs34937568:91618454:TAATA:T	AKAP9	protein_coding	318	1	0	0	1	0	0	2	1
BCAC_FM_36	signal1	rs4236524:91579716:C:T	AKAP9	protein_coding	318	1	0	0	1	0	0	2	1
BCAC_FM_36	signal1	rs66773601:91647753:CACAG:C	AKAP9	protein_coding	318	1	0	0	1	0	0	2	1
BCAC_FM_36	signal1	rs6968870:91661111:G:C	AKAP9	protein_coding	318	1	0	0	1	0	0	2	1
BCAC_FM_36	signal1	rs6969536:91689351:C:G	AKAP9	protein_coding	318	1	0	0	1	0	0	2	1
BCAC_FM_36	signal1	rs6973672:91778308:A:G	LRRD1	protein_coding	318	1	0	0	1	0	0	1	2
BCAC_FM_36	signal1	rs6974827:91772945:C:T	LRRD1	protein_coding	318	1	0	0	1	0	0	1	2
BCAC_FM_36	signal1	rs7802788:91736874:A:G	AKAP9	protein_coding	318	1	0	0	1	0	0	2	1
BCAC_FM_36	signal1	rs9690778:91735299:A:G	AKAP9	protein_coding	318	1	0	0	1	0	0	2	1
BCAC_FM_37	signal1	chr7_130667121_C_T	LINC-PINT	NA	6	1	0	0	1	0	0	1	2
BCAC_FM_37	signal2	chr7_130675202_C_T	LINC-PINT	NA	4	1	0	0	1	0	0	1	2
BCAC_FM_37	signal2	rs6957511:130668618:C:T	LINC-PINT	NA	4	1	0	0	1	0	0	1	2
BCAC_FM_38	signal1	rs62485509:144048902:G:T	OR2A1-AS1	antisense	2	1	0	0	1	0	0	1	2
BCAC_FM_4	signal1	rs2318299	RNF115	protein_coding	35	1	0	0	1	0	0	1	2
BCAC_FM_4	signal1	rs34695381	RNF115	protein_coding	35	1	0	0	1	0	0	1	2
BCAC_FM_4	signal1	rs34958017:145666719:G:A	RNF115	protein_coding	35	1	0	0	1	0	0	1	2
BCAC_FM_4	signal1	rs369061954:145614236:A:G	RNF115	protein_coding	35	1	0	0	1	0	0	1	2
BCAC_FM_4	signal1	rs4970859	POLR3C	protein_coding	35	1	0	0	1	0	0	1	2
BCAC_FM_4	signal1	rs61816194:145614468:C:T	RNF115	protein_coding	35	1	0	0	1	0	0	1	2
BCAC_FM_42	signal1	rs10156333:117055269:T:C	LINC00536	lincRNA	164	1	0	0	1	0	0	1	2
BCAC_FM_42	signal1	rs10808476:117056022:G:C	LINC00536	lincRNA	164	1	0	0	1	0	0	1	2
BCAC_FM_42	signal1	rs1118409:117025777:G:A	LINC00536	lincRNA	164	1	0	0	1	0	0	1	2
BCAC_FM_42	signal1	rs111988716:117096215:A:C	LINC00536	lincRNA	164	1	0	0	1	0	0	1	2
BCAC_FM_42	signal1	rs2049840:117011653:G:A	LINC00536	lincRNA	164	1	0	0	1	0	0	1	2
BCAC_FM_42	signal1	rs2142250:117093062:C:G	LINC00536	lincRNA	164	1	0	0	1	0	0	1	2
BCAC_FM_42	signal1	rs2205275:117047719:A:C	LINC00536	lincRNA	164	1	0	0	1	0	0	1	2
BCAC_FM_42	signal1	rs2223062:117040115:T:A	LINC00536	lincRNA	164	1	0	0	1	0	0	1	2
BCAC_FM_42	signal1	rs2223063	LINC00536	lincRNA	164	1	0	0	1	0	0	1	2
BCAC_FM_42	signal1	rs2223064:117061748:T:C	LINC00536	lincRNA	164	1	0	0	1	0	0	1	2
BCAC_FM_42	signal1	rs2316301:117051440:G:A	LINC00536	lincRNA	164	1	0	0	1	0	0	1	2
BCAC_FM_42	signal1	rs2316310:117112366:C:T	LINC00536	lincRNA	164	1	0	0	1	0	0	1	2
BCAC_FM_42	signal1	rs2873122:117051449:C:G	LINC00536	lincRNA	164	1	0	0	1	0	0	1	2
BCAC_FM_42	signal1	rs4410937:117078070:A:T	LINC00536	lincRNA	164	1	0	0	1	0	0	1	2
BCAC_FM_42	signal1	rs4876348:117054566:T:C	LINC00536	lincRNA	164	1	0	0	1	0	0	1	2
BCAC_FM_42	signal1	rs6469626:117095855:T:C	LINC00536	lincRNA	164	1	0	0	1	0	0	1	2
BCAC_FM_42	signal1	rs6651218:117108188:G:C	LINC00536	lincRNA	164	1	0	0	1	0	0	1	2
BCAC_FM_42	signal1	rs7011010:117126310:C:A	LINC00536	lincRNA	164	1	0	0	1	0	0	1	2
BCAC_FM_42	signal1	rs722740:116961980:C:T	LINC00536	lincRNA	164	1	0	0	1	0	0	1	2
BCAC_FM_42	signal1	rs722951:117027494:A:C	LINC00536	lincRNA	164	1	0	0	1	0	0	1	2
BCAC_FM_42	signal1	rs7834480:117057884:T:C	LINC00536	lincRNA	164	1	0	0	1	0	0	1	2
BCAC_FM_43	signal4	rs10956363:128351773:G:A	CASC21	NA	43	1	0	0	1	0	0	1	2
BCAC_FM_43	signal4	rs13248140	CASC8	antisense	43	1	0	0	1	0	0	1	2
BCAC_FM_43	signal4	rs382824	CASC21	NA	43	1	0	0	1	0	0	1	2
BCAC_FM_43	signal4	rs385278	CASC8	antisense	43	1	0	0	1	0	0	1	2
BCAC_FM_43	signal4	rs61599109	CASC21	NA	43	1	0	0	1	0	0	1	2
BCAC_FM_43	signal4	rs673745	CASC21	NA	43	1	0	0	1	0	0	1	2
BCAC_FM_43	signal4	rs688937	CASC21	NA	43	1	0	0	1	0	0	1	2
BCAC_FM_47	signal2	rs111554548:22257588:C:T	DNAJC1	protein_coding	58	1	0	0	1	0	0	1	2
BCAC_FM_47	signal2	rs142527480:22067711:C:T	DNAJC1	protein_coding	58	1	0	0	1	0	0	1	2
BCAC_FM_49	signal2	chr10_80886061_C_T	ZMIZ1	protein_coding	17	1	0	0	1	0	0	1	2
BCAC_FM_49	signal2	chr10_80890671_A_T	ZMIZ1	protein_coding	17	1	0	0	1	0	0	1	2
BCAC_FM_49	signal2	rs10824721:80886599:G:C	ZMIZ1	protein_coding	17	1	0	0	1	0	0	1	2
BCAC_FM_49	signal2	rs74385409:80889211:G:T	ZMIZ1	protein_coding	17	1	0	0	1	0	0	1	2
BCAC_FM_5	signal1	chr1_149906413_C_T	MTMR11	protein_coding	4	1	1	0	0	0	0	1	2
BCAC_FM_50	signal2	chr10_114773927_A_G	TCF7L2	protein_coding	42	1	0	0	1	0	0	1	2
BCAC_FM_50	signal2	chr10_114777670_C_T	TCF7L2	protein_coding	42	1	0	0	1	0	0	1	2
BCAC_FM_50	signal2	chr10_114787090_A_G	TCF7L2	protein_coding	42	1	0	0	1	0	0	1	2
BCAC_FM_50	signal2	chr10_114807047_C_G	TCF7L2	protein_coding	42	1	0	0	1	0	0	1	2
BCAC_FM_50	signal2	rs11196190:114778252:A:G	TCF7L2	protein_coding	42	1	0	0	1	0	0	1	2
BCAC_FM_50	signal2	rs4309084:114785278:A:G	TCF7L2	protein_coding	42	1	0	0	1	0	0	1	2
BCAC_FM_50	signal2	rs6585204:114783586:C:G	TCF7L2	protein_coding	42	1	0	0	1	0	0	1	2
BCAC_FM_50	signal2	rs7921525:114783333:C:T	TCF7L2	protein_coding	42	1	0	0	1	0	0	1	2
BCAC_FM_51	signal3	rs45631563:123349324:A:T	FGFR2	protein_coding	1	1	0	0	1	0	1	2	1
BCAC_FM_51	signal4	rs2981578	FGFR2	protein_coding	3	1	0	0	1	0	1	2	1
BCAC_FM_57	signal2	12:28347265:G:C	CCDC91	protein_coding	375	1	0	0	1	0	0	1	2
BCAC_FM_57	signal2	12:28347777:C:T	CCDC91	protein_coding	375	1	0	0	1	0	0	1	2
BCAC_FM_57	signal2	12:28348136:A:G	CCDC91	protein_coding	375	1	0	0	1	0	0	1	2
BCAC_FM_57	signal2	12:28348348:G:A	CCDC91	protein_coding	375	1	0	0	1	0	0	1	2
BCAC_FM_57	signal2	12:28353810:A:G	CCDC91	protein_coding	375	1	0	0	1	0	0	1	2
BCAC_FM_57	signal2	12:28358281:A:G	CCDC91	protein_coding	375	1	0	0	1	0	0	1	2
BCAC_FM_57	signal2	12:28358643:A:G	CCDC91	protein_coding	375	1	0	0	1	0	0	1	2
BCAC_FM_57	signal2	12:28359463:C:T	CCDC91	protein_coding	375	1	0	0	1	0	0	1	2
BCAC_FM_57	signal2	12:28360456:G:C	CCDC91	protein_coding	375	1	0	0	1	0	0	1	2
BCAC_FM_57	signal2	12:28361499:G:A	CCDC91	protein_coding	375	1	0	0	1	0	0	1	2
BCAC_FM_57	signal2	12:28361939:C:T	CCDC91	protein_coding	375	1	0	0	1	0	0	1	2
BCAC_FM_57	signal2	12:28362616:A:G	CCDC91	protein_coding	375	1	0	0	1	0	0	1	2
BCAC_FM_57	signal2	12:28363553:A:T	CCDC91	protein_coding	375	1	0	0	1	0	0	1	2
BCAC_FM_57	signal2	12:28369597:TAAAA:T	CCDC91	protein_coding	375	1	0	0	1	0	0	1	2
BCAC_FM_57	signal2	12:28374382:A:T	CCDC91	protein_coding	375	1	0	0	1	0	0	1	2
BCAC_FM_57	signal2	12:28388445:A:G	CCDC91	protein_coding	375	1	0	0	1	0	0	1	2
BCAC_FM_57	signal2	12:28433113:G:A	CCDC91	protein_coding	375	1	0	0	1	0	0	1	2
BCAC_FM_57	signal2	12:28436770:A:G	CCDC91	protein_coding	375	1	0	0	1	0	0	1	2
BCAC_FM_57	signal2	12:28457178:C:T	CCDC91	protein_coding	375	1	0	0	1	0	0	1	2
BCAC_FM_57	signal2	12:28468084:T:TTG	CCDC91	protein_coding	375	1	0	0	1	0	0	1	2
BCAC_FM_57	signal2	12:28489862:A:AAG	CCDC91	protein_coding	375	1	0	0	1	0	0	1	2
BCAC_FM_57	signal2	12:28511889:C:T	CCDC91	protein_coding	375	1	0	0	1	0	0	1	2
BCAC_FM_57	signal2	12:28516178:A:G	CCDC91	protein_coding	375	1	0	0	1	0	0	1	2
BCAC_FM_57	signal2	12:28517852:C:G	CCDC91	protein_coding	375	1	0	0	1	0	0	1	2
BCAC_FM_57	signal2	12:28568597:T:TTG	CCDC91	protein_coding	375	1	0	0	1	0	0	1	2
BCAC_FM_57	signal2	12:28582793:A:G	CCDC91	protein_coding	375	1	0	0	1	0	0	1	2
BCAC_FM_57	signal2	12:28596922:CCCTAAA:C	CCDC91	protein_coding	375	1	0	0	1	0	0	1	2
BCAC_FM_57	signal2	chr12_28341886_A_T	CCDC91	protein_coding	375	1	0	0	1	0	0	1	2
BCAC_FM_57	signal2	chr12_28351241_C_T	CCDC91	protein_coding	375	1	0	0	1	0	0	1	2
BCAC_FM_57	signal2	chr12_28351369_C_T	CCDC91	protein_coding	375	1	0	0	1	0	0	1	2
BCAC_FM_57	signal2	chr12_28356315_A_G	CCDC91	protein_coding	375	1	0	0	1	0	0	1	2
BCAC_FM_57	signal2	chr12_28358192_G_T	CCDC91	protein_coding	375	1	0	0	1	0	0	1	2
BCAC_FM_57	signal2	chr12_28368535_A_G	CCDC91	protein_coding	375	1	0	0	1	0	0	1	2
BCAC_FM_57	signal2	chr12_28389658_A_G	CCDC91	protein_coding	375	1	0	0	1	0	0	1	2
BCAC_FM_57	signal2	chr12_28445269_G_T	CCDC91	protein_coding	375	1	0	0	1	0	0	1	2
BCAC_FM_57	signal2	chr12_28484172_A_C	CCDC91	protein_coding	375	1	0	0	1	0	0	1	2
BCAC_FM_57	signal2	chr12_28510741_A_T	CCDC91	protein_coding	375	1	0	0	1	0	0	1	2
BCAC_FM_57	signal2	chr12_28511524_A_G	CCDC91	protein_coding	375	1	0	0	1	0	0	1	2
BCAC_FM_57	signal2	chr12_28539756_C_T	CCDC91	protein_coding	375	1	0	0	1	0	0	1	2
BCAC_FM_57	signal2	chr12_28607631_G_T	CCDC91	protein_coding	375	1	0	0	1	0	0	1	2
BCAC_FM_57	signal2	chr12_28636722_A_G	CCDC91	protein_coding	375	1	0	0	1	0	0	1	2
BCAC_FM_57	signal2	chr12_28651146_A_T	CCDC91	protein_coding	375	1	0	0	1	0	0	1	2
BCAC_FM_57	signal2	rs11049460	CCDC91	protein_coding	375	1	0	0	1	0	0	1	2
BCAC_FM_6	signal1	chr1_202194839_INDEL_TCC	LGR6	protein_coding	27	1	0	0	1	0	0	1	2
BCAC_FM_60	signal1	chr13_32972626_A_T	BRCA2	protein_coding	5	1	0	0	0	1	1	2	1
BCAC_FM_61	signal1	chr14_37136545_A_C	PAX9	protein_coding	19	1	0	0	1	0	0	1	2
BCAC_FM_62	signal1	rs11624097	RAD51B	protein_coding	8	1	0	0	1	0	0	1	2
BCAC_FM_62	signal1	rs11624164	RAD51B	protein_coding	8	1	0	0	1	0	0	1	2
BCAC_FM_62	signal2	rs1980850	RAD51B	protein_coding	4	1	0	0	1	0	0	1	2
BCAC_FM_63	signal1	rs7153397:91742924:C:T	CCDC88C	protein_coding	3	1	0	0	1	0	0	1	2
BCAC_FM_64	signal1	chr14_93071806_A_G	RIN3	protein_coding	34	1	0	0	1	0	0	2	1
BCAC_FM_64	signal1	chr14_93074447_C_T	RIN3	protein_coding	34	1	0	0	1	0	0	2	1
BCAC_FM_64	signal1	chr14_93098339_C_G	RIN3	protein_coding	34	1	0	0	1	0	0	2	1
BCAC_FM_64	signal1	rs11624512	RIN3	protein_coding	34	1	0	0	1	0	0	2	1
BCAC_FM_64	signal1	rs11627032	RIN3	protein_coding	34	1	0	0	1	0	0	2	1
BCAC_FM_64	signal1	rs117068593:93118229:C:T	RIN3	protein_coding	34	1	1	0	0	0	0	2	1
BCAC_FM_66	signal1	chr16_53803574_A_T	FTO	protein_coding	6	1	0	0	1	0	0	1	2
BCAC_FM_66	signal2	rs8050133:53853229:A:G	FTO	protein_coding	21	1	0	0	1	0	0	1	2
BCAC_FM_66	signal2	rs9924896:53862262:G:A	FTO	protein_coding	21	1	0	0	1	0	0	1	2
BCAC_FM_66	signal2	rs9925952:53853898:A:G	FTO	protein_coding	21	1	0	0	1	0	0	1	2
BCAC_FM_66	signal2	rs9936016:53862212:A:G	FTO	protein_coding	21	1	0	0	1	0	0	1	2
BCAC_FM_67	signal1	chr16_80648048_C_G	CDYL2	protein_coding	14	1	0	0	1	0	0	1	2
BCAC_FM_67	signal1	chr16_80651660_C_T	CDYL2	protein_coding	14	1	0	0	1	0	0	1	2
BCAC_FM_67	signal1	rs12446424	CDYL2	protein_coding	14	1	0	0	1	0	0	1	2
BCAC_FM_68	signal1	rs111305917:29214795:C:G	ATAD5	protein_coding	24	1	0	0	1	0	0	1	2
BCAC_FM_68	signal1	rs62070644:29173948:G:T	ATAD5	protein_coding	24	1	0	0	1	0	0	1	2
BCAC_FM_69	signal1	chr17_53222874_A_G	STXBP4	protein_coding	34	1	0	0	1	0	0	1	2
BCAC_FM_69	signal1	rs1812715:53174966:A:G	STXBP4	protein_coding	34	1	0	0	1	0	0	1	2
BCAC_FM_69	signal1	rs244379:53182578:A:G	STXBP4	protein_coding	34	1	0	0	1	0	0	1	2
BCAC_FM_69	signal1	rs2529510:53182046:A:T	STXBP4	protein_coding	34	1	0	0	1	0	0	1	2
BCAC_FM_7	signal1	rs4245739	MDM4	protein_coding	6	1	0	0	1	0	0	1	2
BCAC_FM_71	signal1	chr18_24503507_AGTGTT_INDEL	AQP4-AS1	antisense	4	1	0	0	1	0	0	1	2
BCAC_FM_71	signal1	chr18_24503507_AGTGTT_INDEL	CHST9	protein_coding	4	1	0	0	1	0	0	1	2
BCAC_FM_71	signal3	chr18_24110979_A_G	KCTD1	protein_coding	31	1	0	0	1	0	0	1	2
BCAC_FM_71	signal3	rs10454719:24139630:C:G	KCTD1	protein_coding	31	1	0	0	1	0	0	1	2
BCAC_FM_71	signal3	rs34288695:24143086:C:G	KCTD1	protein_coding	31	1	0	0	1	0	0	1	2
BCAC_FM_71	signal3	rs6508447:24132621:C:G	KCTD1	protein_coding	31	1	0	0	1	0	0	1	2
BCAC_FM_72	signal1	chr18_42373791_A_C	SETBP1	protein_coding	38	1	0	0	1	0	1	2	1
BCAC_FM_72	signal1	chr18_42379511_A_G	SETBP1	protein_coding	38	1	0	0	1	0	1	2	1
BCAC_FM_72	signal1	chr18_42382733_C_T	SETBP1	protein_coding	38	1	0	0	1	0	1	2	1
BCAC_FM_72	signal1	rs62090590:42380818:C:T	SETBP1	protein_coding	38	1	0	0	1	0	1	2	1
BCAC_FM_72	signal2	rs12455117:42884026:A:T	SLC14A2	protein_coding	3	1	0	0	1	0	0	1	2
BCAC_FM_73	CIMBA	rs2363956	ANKLE1	protein_coding	10	1	1	0	0	0	0	2	1
BCAC_FM_73	CIMBA	rs4609972:17390917:G:C	ANKLE1	protein_coding	10	1	0	0	1	0	0	2	1
BCAC_FM_73	CIMBA	rs4609972:17390917:G:C	BABAM1	protein_coding	10	1	0	0	1	0	0	1	2
BCAC_FM_73	CIMBA	rs8100241	ANKLE1	protein_coding	10	1	1	0	0	0	0	2	1
BCAC_FM_73	CIMBA	rs8108174:17393530:T:A	ANKLE1	protein_coding	10	1	1	0	0	0	0	2	1
BCAC_FM_73	signal1	rs10424198:17409671:C:T	ABHD8	protein_coding	16	1	0	0	1	0	0	1	2
BCAC_FM_73	signal1	rs112440341:17408737:T:C	ABHD8	protein_coding	16	1	0	0	1	0	0	1	2
BCAC_FM_74	signal1	rs10408290:18542701:C:T	SSBP4	protein_coding	56	1	0	0	1	0	0	1	2
BCAC_FM_74	signal1	rs2303697	SSBP4	protein_coding	56	1	0	0	1	0	0	1	2
BCAC_FM_74	signal1	rs34753193:18575300:TACA:T	ELL	protein_coding	56	1	0	0	1	0	0	1	2
BCAC_FM_74	signal1	rs8100767	ELL	protein_coding	56	1	0	0	1	0	0	1	2
BCAC_FM_75	signal1	chr19_44283232_C_T	KCNN4	protein_coding	10	1	0	0	1	0	0	1	2
BCAC_FM_75	signal1	rs56344893:44282529:C:A	KCNN4	protein_coding	10	1	0	0	1	0	0	1	2
BCAC_FM_75	signal1	rs62116961:44283843:G:C	KCNN4	protein_coding	10	1	0	0	1	0	0	1	2
BCAC_FM_76	signal2	rs11088259:16410960:G:A	NRIP1	protein_coding	29	1	0	0	1	0	0	1	2
BCAC_FM_76	signal2	rs12627409:16413392:T:C	NRIP1	protein_coding	29	1	0	0	1	0	0	1	2
BCAC_FM_76	signal2	rs145675324:16421300:CGT:C	NRIP1	protein_coding	29	1	0	0	1	0	0	1	2
BCAC_FM_76	signal2	rs2822996:16362311:C:A	NRIP1	protein_coding	29	1	0	0	1	0	0	1	2
BCAC_FM_76	signal2	rs62220715:16353547:C:T	NRIP1	protein_coding	29	1	0	0	1	0	0	1	2
BCAC_FM_76	signal2	rs73172398:16414902:C:T	NRIP1	protein_coding	29	1	0	0	1	0	0	1	2
BCAC_FM_77	signal1	22:29091856:AG:A	CHEK2	protein_coding	3	1	0	0	0	1	1	2	1
BCAC_FM_77	signal2	chr22_29121087_A_G	CHEK2	protein_coding	2	1	1	0	0	0	1	2	1
BCAC_FM_77	signal3	chr22_28487192_C_T	TTC28	protein_coding	59	1	0	0	1	0	0	1	2
BCAC_FM_77	signal3	chr22_28487474_C_T	TTC28	protein_coding	59	1	0	0	1	0	0	1	2
BCAC_FM_77	signal3	chr22_28798655_C_G	TTC28	protein_coding	59	1	0	0	1	0	0	1	2
BCAC_FM_77	signal3	rs17508019:29134338:G:A	CHEK2	protein_coding	59	1	0	0	1	0	1	2	1
BCAC_FM_77	signal3	rs199889905:28480443:C:T	TTC28	protein_coding	59	1	0	0	1	0	0	1	2
BCAC_FM_77	signal3	rs9625396:28477726:C:T	TTC28	protein_coding	59	1	0	0	1	0	0	1	2
BCAC_FM_78	signal1	chr22_40819154_A_G	MKL1	protein_coding	196	1	0	0	1	0	0	1	2
BCAC_FM_78	signal1	chr22_40849495_C_T	MKL1	protein_coding	196	1	0	0	1	0	0	1	2
BCAC_FM_78	signal1	chr22_40854456_G_T	MKL1	protein_coding	196	1	0	0	1	0	0	1	2
BCAC_FM_78	signal1	chr22_40862613_A_G	MKL1	protein_coding	196	1	0	0	1	0	0	1	2
BCAC_FM_78	signal1	chr22_40870488_C_T	MKL1	protein_coding	196	1	0	0	1	0	0	1	2
BCAC_FM_78	signal1	chr22_40873718_C_T	MKL1	protein_coding	196	1	0	0	1	0	0	1	2
BCAC_FM_78	signal1	chr22_40877635_A_C	MKL1	protein_coding	196	1	0	0	1	0	0	1	2
BCAC_FM_78	signal1	chr22_40901345_C_T	MKL1	protein_coding	196	1	0	0	1	0	0	1	2
BCAC_FM_78	signal1	chr22_40903421_A_G	MKL1	protein_coding	196	1	0	0	1	0	0	1	2
BCAC_FM_78	signal1	chr22_40906635_C_G	MKL1	protein_coding	196	1	0	0	1	0	0	1	2
BCAC_FM_78	signal1	chr22_40956816_A_G	MKL1	protein_coding	196	1	0	0	1	0	0	1	2
BCAC_FM_78	signal1	chr22_40957013_A_T	MKL1	protein_coding	196	1	0	0	1	0	0	1	2
BCAC_FM_78	signal1	chr22_40968152_C_T	MKL1	protein_coding	196	1	0	0	1	0	0	1	2
BCAC_FM_78	signal1	chr22_40975268_C_T	MKL1	protein_coding	196	1	0	0	1	0	0	1	2
BCAC_FM_78	signal1	chr22_40977556_C_T	MKL1	protein_coding	196	1	0	0	1	0	0	1	2
BCAC_FM_78	signal1	chr22_40986258_A_G	MKL1	protein_coding	196	1	0	0	1	0	0	1	2
BCAC_FM_78	signal1	chr22_40990950_C_T	MKL1	protein_coding	196	1	0	0	1	0	0	1	2
BCAC_FM_78	signal1	chr22_41006612_A_C	MKL1	protein_coding	196	1	0	0	1	0	0	1	2
BCAC_FM_78	signal1	chr22_41019767_C_G	MKL1	protein_coding	196	1	0	0	1	0	0	1	2
BCAC_FM_78	signal1	chr22_41026018_G_T	MKL1	protein_coding	196	1	0	0	1	0	0	1	2
BCAC_FM_78	signal1	chr22_41031027_C_T	MKL1	protein_coding	196	1	0	0	1	0	0	1	2
BCAC_FM_78	signal1	rs112497956:41023061:G:GC	MKL1	protein_coding	196	1	0	0	1	0	0	1	2
BCAC_FM_78	signal1	rs117423948:40970711:T:A	MKL1	protein_coding	196	1	0	0	1	0	0	1	2
BCAC_FM_78	signal1	rs138175438:40893900:G:A	MKL1	protein_coding	196	1	0	0	1	0	0	1	2
BCAC_FM_78	signal1	rs138476044:40972176:G:A	MKL1	protein_coding	196	1	0	0	1	0	0	1	2
BCAC_FM_78	signal1	rs141580207:40917540:T:TCA	MKL1	protein_coding	196	1	0	0	1	0	0	1	2
BCAC_FM_78	signal1	rs17001977:40880213:G:A	MKL1	protein_coding	196	1	0	0	1	0	0	1	2
BCAC_FM_78	signal1	rs28444678:40974252:T:C	MKL1	protein_coding	196	1	0	0	1	0	0	1	2
BCAC_FM_78	signal1	rs2899337:40871465:T:C	MKL1	protein_coding	196	1	0	0	1	0	0	1	2
BCAC_FM_78	signal1	rs55960299:40932066:G:C	MKL1	protein_coding	196	1	0	0	1	0	0	1	2
BCAC_FM_78	signal1	rs56092708:40962808:G:A	MKL1	protein_coding	196	1	0	0	1	0	0	1	2
BCAC_FM_78	signal1	rs5995867:40888136:T:G	MKL1	protein_coding	196	1	0	0	1	0	0	1	2
BCAC_FM_78	signal1	rs6001983:41023304:C:G	MKL1	protein_coding	196	1	0	0	1	0	0	1	2
BCAC_FM_78	signal1	rs73167096:40894463:T:C	MKL1	protein_coding	196	1	0	0	1	0	0	1	2
BCAC_FM_78	signal1	rs73169036:40967688:C:T	MKL1	protein_coding	196	1	0	0	1	0	0	1	2
BCAC_FM_78	signal1	rs73169083:41022503:T:C	MKL1	protein_coding	196	1	0	0	1	0	0	1	2
BCAC_FM_79	signal1	chr2_29119585_A_T	WDR43	protein_coding	81	1	0	0	1	0	0	1	2
BCAC_FM_79	signal1	chr2_29120030_A_G	WDR43	protein_coding	81	1	0	0	1	0	0	1	2
BCAC_FM_79	signal1	chr2_29120733_C_T	WDR43	protein_coding	81	1	0	0	1	0	0	1	2
BCAC_FM_79	signal1	chr2_29122001_G_T	WDR43	protein_coding	81	1	0	0	1	0	0	1	2
BCAC_FM_79	signal1	chr2_29136489_G_T	WDR43	protein_coding	81	1	0	0	1	0	0	1	2
BCAC_FM_79	signal1	chr2_29167678_C_T	WDR43	protein_coding	81	1	0	0	1	0	0	1	2
BCAC_FM_79	signal1	chr2_29168848_A_G	WDR43	protein_coding	81	1	0	0	1	0	0	1	2
BCAC_FM_79	signal1	rs12053141:29134743:A:G	WDR43	protein_coding	81	1	0	0	1	0	0	1	2
BCAC_FM_79	signal1	rs12465258:29162904:G:T	WDR43	protein_coding	81	1	0	0	1	0	0	1	2
BCAC_FM_79	signal1	rs12620306:29133600:C:T	WDR43	protein_coding	81	1	0	0	1	0	0	1	2
BCAC_FM_79	signal1	rs12620680:29144611:C:T	WDR43	protein_coding	81	1	0	0	1	0	0	1	2
BCAC_FM_79	signal1	rs4666135:29137567:C:T	WDR43	protein_coding	81	1	0	0	1	0	0	1	2
BCAC_FM_79	signal1	rs76728616:29144234:G:A	WDR43	protein_coding	81	1	0	0	1	0	0	1	2
BCAC_FM_8	signal1	chr1_242034263_A_G	EXO1	protein_coding	2	1	0	0	1	0	0	2	1
BCAC_FM_8	signal1	rs4149909	EXO1	protein_coding	2	1	1	0	1	0	0	2	1
BCAC_FM_82	signal1	chr19_19431963_G_T	SUGP1	protein_coding	162	1	0	0	1	0	0	1	2
BCAC_FM_82	signal1	chr19_19519518_G_T	GATAD2A	protein_coding	162	1	0	0	1	0	0	1	2
BCAC_FM_82	signal1	chr19_19520358_A_G	GATAD2A	protein_coding	162	1	0	0	1	0	0	1	2
BCAC_FM_82	signal1	chr19_19616026_C_T	GATAD2A	protein_coding	162	1	0	0	1	0	0	1	2
BCAC_FM_82	signal1	rs10405625:19579046:T:G	GATAD2A	protein_coding	162	1	0	0	1	0	0	1	2
BCAC_FM_82	signal1	rs10426780:19375883:T:C	TM6SF2	protein_coding	162	1	0	0	1	0	0	1	2
BCAC_FM_82	signal1	rs1054930:19648346:G:C	CILP2	protein_coding	162	1	0	0	1	0	0	1	2
BCAC_FM_82	signal1	rs1054930:19648346:G:C	YJEFN3	protein_coding	162	1	0	0	1	0	0	1	2
BCAC_FM_82	signal1	rs112361177:19634863:C:CGCTGCGCCCAGGT	NDUFA13	protein_coding	162	1	0	0	1	0	0	1	2
BCAC_FM_82	signal1	rs12977937:19429975:C:G	MAU2	protein_coding	162	1	0	0	1	0	0	1	2
BCAC_FM_82	signal1	rs13964:19468710:C:G	MAU2	protein_coding	162	1	0	0	1	0	0	1	2
BCAC_FM_82	signal1	rs147477831:19565015:A:AG	GATAD2A	protein_coding	162	1	0	0	1	0	0	1	2
BCAC_FM_82	signal1	rs2017964:19387149:T:C	SUGP1	protein_coding	162	1	0	0	1	0	0	1	2
BCAC_FM_82	signal1	rs2074091:19450080:A:G	MAU2	protein_coding	162	1	0	0	1	0	0	1	2
BCAC_FM_82	signal1	rs2965182:19548246:A:G	GATAD2A	protein_coding	162	1	0	0	1	0	0	1	2
BCAC_FM_82	signal1	rs4808938:19401218:G:A	SUGP1	protein_coding	162	1	0	0	1	0	0	1	2
BCAC_FM_82	signal1	rs62135552:19436854:G:A	MAU2	protein_coding	162	1	0	0	1	0	0	1	2
BCAC_FM_82	signal1	rs6511038:19607564:A:C	GATAD2A	protein_coding	162	1	0	0	1	0	0	1	2
BCAC_FM_84	signal1	rs2992752:18808526:A:C	KLHDC7A	protein_coding	12	1	0	1	0	0	0	1	2
BCAC_FM_86	signal1	chr4_84367759_A_T	HELQ	protein_coding	84	1	0	0	1	0	0	1	2
BCAC_FM_86	signal1	rs11099601	MRPS18C	protein_coding	84	1	0	0	1	0	0	1	2
BCAC_FM_86	signal1	rs12651246:84367605:G:A	HELQ	protein_coding	84	1	0	0	1	0	0	1	2
BCAC_FM_88	signal1	chr7_101546316_C_T	CUX1	protein_coding	6	1	0	0	1	0	1	2	1
BCAC_FM_88	signal1	rs11972884:101554599:G:A	CUX1	protein_coding	6	1	0	0	1	0	1	2	1
BCAC_FM_89	signal1	chr11_802379_C_T	PIDD1	protein_coding	19	1	1	0	0	0	0	2	1
BCAC_FM_89	signal1	rs7484068:805419:G:A	PIDD1	protein_coding	19	1	0	0	1	0	0	2	1
BCAC_FM_89	signal1	rs7484123:805234:G:A	PIDD1	protein_coding	19	1	0	0	1	0	0	2	1
BCAC_FM_92	signal1	chr20_5948227_A_G	MCM8	protein_coding	1	1	1	0	0	0	0	1	2
BCAC_FM_96	signal1	rs1547180:46768408:T:C	LRRC41	protein_coding	11	1	0	0	1	0	0	1	2
BCAC_FM_99	signal1	rs199858224:118155152:A:G	FAM46C	protein_coding	61	1	0	0	1	0	0	1	2
